filename,title,category,price,sales,reviews,shop,item_id
万向轴合集_琢匠文玩配饰手串配件猴头菩提串珠隔珠隔环配珠饰品-淘宝网.mhtml,万向轴合集|琢匠文玩配饰手串配件猴头菩提串珠隔珠隔环配珠饰品-淘宝网,手串配件,,,,,1012698168872
乾坤圈耳环_琢匠国风s925银道系饰品情侣耳夹2026新款爆款耳饰-淘宝网.mhtml,乾坤圈耳环|琢匠国风s925银道系饰品情侣耳夹2026新款爆款耳饰-淘宝网,耳饰,,100,,,1036111235643
五色归元挂饰_琢匠国风原创手工编织diy包挂铜钱剑挂件钥匙扣配件-淘宝网.mhtml,五色归元挂饰|琢匠国风原创手工编织diy包挂铜钱剑挂件钥匙扣配件-淘宝网,吊坠/挂件,,,,,1041749174865
剑走江湖丨琢匠国风原创编织绳diy配件酒壶包挂bjd娃娃配剑装饰品-淘宝网.mhtml,剑走江湖丨琢匠国风原创编织绳diy配件酒壶包挂bjd娃娃配剑装饰品-淘宝网,摆件/手办,,,,,996529063920
多吉隔珠_琢匠藏传金刚杵s925银饰手串手绳配珠饰品三通文玩配件-淘宝网.mhtml,多吉隔珠|琢匠藏传金刚杵s925银饰手串手绳配珠饰品三通文玩配件-淘宝网,手串配件,,,,,1049982605659
大玩家系列合集丨琢匠原创古代人仔武器模型摆件桌面装饰创意礼物-淘宝网.mhtml,大玩家系列合集丨琢匠原创古代人仔武器模型摆件桌面装饰创意礼物-淘宝网,摆件/手办,,700,,,850219242314
宝莲隔环丨琢匠国风原创diy饰品配件文玩手串隔环莲花小卡子侧搭-淘宝网.mhtml,宝莲隔环丨琢匠国风原创diy饰品配件文玩手串隔环莲花小卡子侧搭-淘宝网,手串配件,,,,,1000938103420
师刀卡子_琢匠国风原创道系文玩三通配饰项链手链配件手串侧挂-淘宝网.mhtml,师刀卡子|琢匠国风原创道系文玩三通配饰项链手链配件手串侧挂-淘宝网,手串配件,,,,,1008574571564
师刀耳环丨琢匠国风原创道系饰品配件s925银耳钉小配饰新款耳饰女-淘宝网.mhtml,师刀耳环丨琢匠国风原创道系饰品配件s925银耳钉小配饰新款耳饰女-淘宝网,耳饰,,1000,,,981150636494
弟子珠合集丨琢匠s925银串珠散珠收尾线束小众手串文玩配饰尾坠子-淘宝网.mhtml,弟子珠合集丨琢匠s925银串珠散珠收尾线束小众手串文玩配饰尾坠子-淘宝网,手串配件,,400,,,874817228891
文玩配饰集合丨琢匠国风手串隔珠隔环卡子三通合集串珠配件小饰品-淘宝网.mhtml,文玩配饰集合丨琢匠国风手串隔珠隔环卡子三通合集串珠配件小饰品-淘宝网,手串配件,,,,,841851622383
文玩隔珠合集6-8mm_琢匠国风手串项链diy银配饰串珠配件小饰品-淘宝网.mhtml,文玩隔珠合集6-8mm|琢匠国风手串项链diy银配饰串珠配件小饰品-淘宝网,手串配件,,,,,1013047053540
杨幂同款天机手链琢匠国风原创链子道系明星s925银饰品礼物送女友-淘宝网.mhtml,杨幂同款天机手链琢匠国风原创链子道系明星s925银饰品礼物送女友-淘宝网,手链/手镯,,100,,,969419339392
琢匠s925银乾坤圈耳夹国风道系情侣耳饰小众耳钉耳环耳圈首饰-淘宝网.mhtml,琢匠s925银乾坤圈耳夹国风道系情侣耳饰小众耳钉耳环耳圈首饰-淘宝网,耳饰,,,,,1036828302389
琢匠s925银仙道手镯道系银镯子男士小众新中式实心银饰品手饰-淘宝网.mhtml,琢匠s925银仙道手镯道系银镯子男士小众新中式实心银饰品手饰-淘宝网,手链/手镯,,,,,858586784651
琢匠s925银唐玄甲手链山文甲甲胄手饰男士银饰品国风情侣文玩-淘宝网.mhtml,琢匠s925银唐玄甲手链山文甲甲胄手饰男士银饰品国风情侣文玩-淘宝网,手链/手镯,,,,,842374112722
琢匠s925银山鬼手镯男士道系实心素圈银镯子情侣手饰小众半镯-淘宝网.mhtml,琢匠s925银山鬼手镯男士道系实心素圈银镯子情侣手饰小众半镯-淘宝网,手链/手镯,,200,,,979558823727
琢匠s925银师刀手链高档男款女款道系文玩情侣手饰小众国风银手串-淘宝网.mhtml,琢匠s925银师刀手链高档男款女款道系文玩情侣手饰小众国风银手串-淘宝网,手串配件,,,,,905122049702
琢匠s925银甲胄项链唐玄甲麻花链男士银饰复古潮流颈链毛衣-淘宝网.mhtml,琢匠s925银甲胄项链唐玄甲麻花链男士银饰复古潮流颈链毛衣-淘宝网,吊坠/挂件,,,,,715532111323
琢匠s925银项链瑞兽纹太角链吊坠挂链潮男情侣复古饰品-淘宝网.mhtml,琢匠s925银项链瑞兽纹太角链吊坠挂链潮男情侣复古饰品-淘宝网,吊坠/挂件,,,,,672428153175
琢匠S925银饰葫芦卡子文玩手串侧挂项链吊坠挂坠配饰文玩手链配件-淘宝网.mhtml,琢匠S925银饰葫芦卡子文玩手串侧挂项链吊坠挂坠配饰文玩手链配件-淘宝网,手串配件,,,,,788530006929
琢匠一生之刃吊坠青铜纹项链挂坠男士文玩饰品情侣S925银挂件首饰-淘宝网.mhtml,琢匠一生之刃吊坠青铜纹项链挂坠男士文玩饰品情侣S925银挂件首饰-淘宝网,吊坠/挂件,,,,,725773569764
琢匠三才隔珠龟壳文玩配饰手串背云配珠小众菩提串珠S925银饰配件-淘宝网.mhtml,琢匠三才隔珠龟壳文玩配饰手串背云配珠小众菩提串珠S925银饰配件-淘宝网,手串配件,,,,,819204168782
琢匠乌铜太极隔珠手串配件小众文玩配饰道系菩提猴头串珠配珠饰品-淘宝网.mhtml,琢匠乌铜太极隔珠手串配件小众文玩配饰道系菩提猴头串珠配珠饰品-淘宝网,手串配件,,400,,,982950067216
琢匠九宫八卦牌吊坠藏式汽车包包挂件小众项链挂坠解压文玩手把件-淘宝网.mhtml,琢匠九宫八卦牌吊坠藏式汽车包包挂件小众项链挂坠解压文玩手把件-淘宝网,吊坠/挂件,,200,,,855751235828
琢匠五路财神隔珠文玩配饰手串配件小众菩提猴头串珠S925银饰配珠-淘宝网.mhtml,琢匠五路财神隔珠文玩配饰手串配件小众菩提猴头串珠S925银饰配珠-淘宝网,手串配件,,500,,,926847482979
琢匠剑葫台摆件养剑葫芦貔貅小物件底座桌面工艺品国风装饰品礼品-淘宝网.mhtml,琢匠剑葫台摆件养剑葫芦貔貅小物件底座桌面工艺品国风装饰品礼品-淘宝网,摆件/手办,,1000,,,960387184878
琢匠升龙钥匙扣精致挂件男士潮玩小众钥匙链挂饰古风情侣铜钥匙圈-淘宝网.mhtml,琢匠升龙钥匙扣精致挂件男士潮玩小众钥匙链挂饰古风情侣铜钥匙圈-淘宝网,吊坠/挂件,,,,,653345529620
琢匠原创diy道骨隔珠手链小众情侣骨头手串男士文玩配饰串珠手饰-淘宝网.mhtml,琢匠原创diy道骨隔珠手链小众情侣骨头手串男士文玩配饰串珠手饰-淘宝网,手串配件,,,,,861745071405
琢匠原创国风s925银师刀项链男士小众银挂链吊坠配饰道系链子情侣-淘宝网.mhtml,琢匠原创国风s925银师刀项链男士小众银挂链吊坠配饰道系链子情侣-淘宝网,吊坠/挂件,,,,,903345535920
琢匠原创天机银项链六爻毛衣挂链男款女款古风小众道系饰品首饰-淘宝网.mhtml,琢匠原创天机银项链六爻毛衣挂链男款女款古风小众道系饰品首饰-淘宝网,吊坠/挂件,,,,,742668506308
琢匠原创文玩三通合集手串隔珠隔环卡子垫片散珠手串diy配件饰品-淘宝网.mhtml,琢匠原创文玩三通合集手串隔珠隔环卡子垫片散珠手串diy配件饰品-淘宝网,手串配件,,,,,850508910944
琢匠可动机械蜘蛛摆件大号模型金属工艺品桌面手办小众高档工艺品-淘宝网.mhtml,琢匠可动机械蜘蛛摆件大号模型金属工艺品桌面手办小众高档工艺品-淘宝网,摆件/手办,,500,,,980796573937
琢匠可动锦鲤吊坠银项链挂坠文玩配饰diy925银饰汽车挂件包包单坠-淘宝网.mhtml,琢匠可动锦鲤吊坠银项链挂坠文玩配饰diy925银饰汽车挂件包包单坠-淘宝网,吊坠/挂件,,300,,,936585084634
琢匠吊坠挂绳项链绳小众文玩绳链情侣毛衣链S925银挂坠挂件平安绳-淘宝网.mhtml,琢匠吊坠挂绳项链绳小众文玩绳链情侣毛衣链S925银挂坠挂件平安绳-淘宝网,吊坠/挂件,,,,,850106763941
琢匠吕布手办桌面摆件磁吸金属人仔工艺品饰品甲胄玩具小众手把件-淘宝网.mhtml,琢匠吕布手办桌面摆件磁吸金属人仔工艺品饰品甲胄玩具小众手把件-淘宝网,摆件/手办,,,,,853364917348
琢匠君子剑手把件小众模型配剑解压小玩具创意吊坠挂件工艺品手办-淘宝网.mhtml,琢匠君子剑手把件小众模型配剑解压小玩具创意吊坠挂件工艺品手办-淘宝网,摆件/手办,,,,,997234163409
琢匠唐玄甲吊坠将军令吊牌S925银饰挂坠甲胄项链diy汽车包包挂件-淘宝网.mhtml,琢匠唐玄甲吊坠将军令吊牌S925银饰挂坠甲胄项链diy汽车包包挂件-淘宝网,吊坠/挂件,,,,,708316855602
琢匠喜乐挂绳汽车包包挂件手工文玩吊坠绳子小众手把件平安绳饰品-淘宝网.mhtml,琢匠喜乐挂绳汽车包包挂件手工文玩吊坠绳子小众手把件平安绳饰品-淘宝网,吊坠/挂件,,,,,966966046213
琢匠增损令桃木手串手链三通文玩配饰配件串珠饰品-淘宝网.mhtml,琢匠增损令桃木手串手链三通文玩配饰配件串珠饰品-淘宝网,手串配件,,55,,,1027889328580
琢匠大号虎三通文玩配饰手串配件男士小众菩提核桃串珠S925银饰品-淘宝网.mhtml,琢匠大号虎三通文玩配饰手串配件男士小众菩提核桃串珠S925银饰品-淘宝网,手串配件,,,,,904308727099
琢匠大号貔貅摆件办公室桌面玄关工艺品创意精致金属手把件铜手办-淘宝网.mhtml,琢匠大号貔貅摆件办公室桌面玄关工艺品创意精致金属手把件铜手办-淘宝网,摆件/手办,,53,,,693444049041
琢匠大号龙三通配饰文玩手串配件男士小众串珠菩提猴头S925银配珠-淘宝网.mhtml,琢匠大号龙三通配饰文玩手串配件男士小众串珠菩提猴头S925银配珠-淘宝网,手串配件,,100,,,905096709456
琢匠大鹏鸟文玩计数器卡子藏式念珠侧挂小提溜挂件配饰手串银配件-淘宝网.mhtml,琢匠大鹏鸟文玩计数器卡子藏式念珠侧挂小提溜挂件配饰手串银配件-淘宝网,手串配件,,27,,,970304286985
琢匠天机s925银手链男女款六爻文情侣手饰原创国风道系文玩-淘宝网.mhtml,琢匠天机s925银手链男女款六爻文情侣手饰原创国风道系文玩-淘宝网,手链/手镯,,200,,,742796823303
琢匠天机吊坠春风六爻挂饰小众道系饰品男士首饰文玩挂件情侣单坠-淘宝网.mhtml,琢匠天机吊坠春风六爻挂饰小众道系饰品男士首饰文玩挂件情侣单坠-淘宝网,吊坠/挂件,,,,,742585737314
琢匠天机隔珠配饰文玩手串配件道系六爻背云顶珠串珠S925银饰配珠-淘宝网.mhtml,琢匠天机隔珠配饰文玩手串配件道系六爻背云顶珠串珠S925银饰配珠-淘宝网,手串配件,,,,,842188857299
琢匠太极吊坠双鱼吊牌项链挂件文玩配饰解压道系S925银挂坠手把件-淘宝网.mhtml,琢匠太极吊坠双鱼吊牌项链挂件文玩配饰解压道系S925银挂坠手把件-淘宝网,吊坠/挂件,,,,,742949463312
琢匠太极隔珠文玩配饰手串配件小众道系菩提猴头串珠S925银饰配珠-淘宝网.mhtml,琢匠太极隔珠文玩配饰手串配件小众道系菩提猴头串珠S925银饰配珠-淘宝网,手串配件,,,,,974640811897
琢匠太极黑白手串椰蒂菩提隔珠饰品配件手饰高档文玩配饰串珠手链-淘宝网.mhtml,琢匠太极黑白手串椰蒂菩提隔珠饰品配件手饰高档文玩配饰串珠手链-淘宝网,手串配件,,,,,849016113079
琢匠如意纹s925银项链珠链男士复古吊坠挂链情侣毛衣链颈链-淘宝网.mhtml,琢匠如意纹s925银项链珠链男士复古吊坠挂链情侣毛衣链颈链-淘宝网,吊坠/挂件,,62,,,751631949160
琢匠如意纹万向轴文玩配饰手串三通配件小众手工菩提串珠配件饰品-淘宝网.mhtml,琢匠如意纹万向轴文玩配饰手串三通配件小众手工菩提串珠配件饰品-淘宝网,手串配件,,1000,,,848345147190
琢匠定制丨天机剑匣手把件解压摆件全银定制丨发货时间30天左右-淘宝网.mhtml,琢匠定制丨天机剑匣手把件解压摆件全银定制丨发货时间30天左右-淘宝网,摆件/手办,,5,,,1051045245904
琢匠定制丨机械心脏手把件解压挂件全银定制丨发货时间30天左右-淘宝网.mhtml,琢匠定制丨机械心脏手把件解压挂件全银定制丨发货时间30天左右-淘宝网,吊坠/挂件,,18,,,1048067176009
琢匠山鬼三通文玩配饰手串背云弟子珠小众菩提猴头串珠S925银配件-淘宝网.mhtml,琢匠山鬼三通文玩配饰手串背云弟子珠小众菩提猴头串珠S925银配件-淘宝网,手串配件,,300,,,844176798474
琢匠山鬼狮咬剑吊坠男士文玩项链平安挂坠小众古风挂件S925银饰品-淘宝网.mhtml,琢匠山鬼狮咬剑吊坠男士文玩项链平安挂坠小众古风挂件S925银饰品-淘宝网,吊坠/挂件,,,,,881466506009
琢匠山鬼花钱卡环配饰文玩手串隔环菩提猴头串珠配珠S925银饰配件-淘宝网.mhtml,琢匠山鬼花钱卡环配饰文玩手串隔环菩提猴头串珠配珠S925银饰配件-淘宝网,手串配件,,82,,,1050417943701
琢匠山鬼花钱古风吊坠铜钱平安扣男士项链S925银挂坠汽车包包挂件-淘宝网.mhtml,琢匠山鬼花钱古风吊坠铜钱平安扣男士项链S925银挂坠汽车包包挂件-淘宝网,吊坠/挂件,,,,,684780370375
琢匠师刀耳夹高档耳环银耳钉男士道系耳饰情侣耳坠-淘宝网.mhtml,琢匠师刀耳夹高档耳环银耳钉男士道系耳饰情侣耳坠-淘宝网,耳饰,,,,,999635960501
琢匠悟空三通文玩配饰全套手串配件小众手持菩提串珠S925银饰配珠-淘宝网.mhtml,琢匠悟空三通文玩配饰全套手串配件小众手持菩提串珠S925银饰配珠-淘宝网,手串配件,,100,,,920314826112
琢匠悟空弟子珠配饰文配饰手串收尾散珠串珠S925银饰尾坠三通配件-淘宝网.mhtml,琢匠悟空弟子珠配饰文配饰手串收尾散珠串珠S925银饰尾坠三通配件-淘宝网,手串配件,,,,,919968391561
琢匠悟空炼心隔珠配饰文玩手串配件小众串珠S925银饰腰珠顶珠背云-淘宝网.mhtml,琢匠悟空炼心隔珠配饰文玩手串配件小众串珠S925银饰腰珠顶珠背云-淘宝网,手串配件,,200,,,921920209333
琢匠护生铃铛吊坠挂件古风道系包包汽车挂坠风铃挂绳手把件铜饰品-淘宝网.mhtml,琢匠护生铃铛吊坠挂件古风道系包包汽车挂坠风铃挂绳手把件铜饰品-淘宝网,吊坠/挂件,,600,,,927850508209
琢匠文玩手串diy饰品配件s925银手工圆环素面垫片隔珠配饰银隔片-淘宝网.mhtml,琢匠文玩手串diy饰品配件s925银手工圆环素面垫片隔珠配饰银隔片-淘宝网,手串配件,,,,,796061371439
琢匠文玩线绳高端耐磨包芯棉绳串珠线手工diy材料手串专用编绳子-淘宝网.mhtml,琢匠文玩线绳高端耐磨包芯棉绳串珠线手工diy材料手串专用编绳子-淘宝网,手串配件,,,,,873422529948
琢匠文玩配饰侧挂流苏挂饰手串隔珠小提溜配件隔环串珠S925银卡环-淘宝网.mhtml,琢匠文玩配饰侧挂流苏挂饰手串隔珠小提溜配件隔环串珠S925银卡环-淘宝网,手串配件,,,,,951320371681
琢匠斯巴达勇士铜摆件磁吸金属人仔办公桌装饰工艺品解压手办模型-淘宝网.mhtml,琢匠斯巴达勇士铜摆件磁吸金属人仔办公桌装饰工艺品解压手办模型-淘宝网,摆件/手办,,,,,980070658004
琢匠斯巴达指挥官摆件甲胄磁吸金属人仔办公桌工艺品解压手办模型-淘宝网.mhtml,琢匠斯巴达指挥官摆件甲胄磁吸金属人仔办公桌工艺品解压手办模型-淘宝网,摆件/手办,,600,,,981464652886
琢匠无所住吊坠小众百搭饰品项链挂坠男情侣古风文玩解压挂饰-淘宝网.mhtml,琢匠无所住吊坠小众百搭饰品项链挂坠男情侣古风文玩解压挂饰-淘宝网,吊坠/挂件,,,,,803369233359
琢匠无极炉吊坠小众道系挂坠男士项链手链编绳单坠配件S925银饰品-淘宝网.mhtml,琢匠无极炉吊坠小众道系挂坠男士项链手链编绳单坠配件S925银饰品-淘宝网,吊坠/挂件,,,,,1053653769642
琢匠无极炉手链小众原创道系情侣S925银饰手饰国风男女款穿搭配饰-淘宝网.mhtml,琢匠无极炉手链小众原创道系情侣S925银饰手饰国风男女款穿搭配饰-淘宝网,手链/手镯,,11,,,1051216095360
琢匠无极炉项链男女款道系首饰小众S925银饰链子锁骨链穿搭配饰品-淘宝网.mhtml,琢匠无极炉项链男女款道系首饰小众S925银饰链子锁骨链穿搭配饰品-淘宝网,吊坠/挂件,,8,,,1051979686752
琢匠无相牌佛吊坠男士文玩挂坠S925银饰项链单坠情侣小众平安首饰-淘宝网.mhtml,琢匠无相牌佛吊坠男士文玩挂坠S925银饰项链单坠情侣小众平安首饰-淘宝网,吊坠/挂件,,,,,804926959291
琢匠无相猴头手串文玩配饰小众串珠银饰品男女款国风情侣手饰手链-淘宝网.mhtml,琢匠无相猴头手串文玩配饰小众串珠银饰品男女款国风情侣手饰手链-淘宝网,手串配件,,,,,836482290599
琢匠明镜台桌面摆件金刚橛降魔杵底座藏传工艺品茶室办公室装饰品-淘宝网.mhtml,琢匠明镜台桌面摆件金刚橛降魔杵底座藏传工艺品茶室办公室装饰品-淘宝网,摆件/手办,,100,,,987280258843
琢匠春秋蝉吊坠项链原创饰品挂坠男女士文玩创意挂饰小众古风挂件-淘宝网.mhtml,琢匠春秋蝉吊坠项链原创饰品挂坠男女士文玩创意挂饰小众古风挂件-淘宝网,吊坠/挂件,,,,,694384877518
琢匠朝元红手绳手工diy金刚结编织绳手链小众汽车包挂件文玩配饰-淘宝网.mhtml,琢匠朝元红手绳手工diy金刚结编织绳手链小众汽车包挂件文玩配饰-淘宝网,吊坠/挂件,,67,,,1041530033783
琢匠机械手挂件原创正品仿生手掌吊坠玩具创意钥匙扣项链挂坠饰品-淘宝网.mhtml,琢匠机械手挂件原创正品仿生手掌吊坠玩具创意钥匙扣项链挂坠饰品-淘宝网,吊坠/挂件,,400,,,981471020669
琢匠桌面摆件虎符手把件中式创意兵符笔搁镇纸礼品小众文玩工艺品-淘宝网.mhtml,琢匠桌面摆件虎符手把件中式创意兵符笔搁镇纸礼品小众文玩工艺品-淘宝网,摆件/手办,,78,,,601324438823
琢匠武器架兵器模型展示架桌面摆件金属文玩小物件小众古风铜手办-淘宝网.mhtml,琢匠武器架兵器模型展示架桌面摆件金属文玩小物件小众古风铜手办-淘宝网,摆件/手办,,,,,881230091712
琢匠炼丹炉文玩连接扣手串手链项链S925银饰扣头道系配饰串珠配件-淘宝网.mhtml,琢匠炼丹炉文玩连接扣手串手链项链S925银饰扣头道系配饰串珠配件-淘宝网,手串配件,,29,,,1052833922329
琢匠狮咬剑铃铛吊坠国风个性钥匙扣单挂坠饰品摆件汽车挂件手把件-淘宝网.mhtml,琢匠狮咬剑铃铛吊坠国风个性钥匙扣单挂坠饰品摆件汽车挂件手把件-淘宝网,摆件/手办,,,,,657677723263
琢匠玄银子隔片文玩配饰道系碎银子手串配件diy银饰垫片原创配珠-淘宝网.mhtml,琢匠玄银子隔片文玩配饰道系碎银子手串配件diy银饰垫片原创配珠-淘宝网,手串配件,,,,,1007778288921
琢匠盘龙万向轴文玩三通配饰手串配饰小众菩提猴头串珠S925银配件-淘宝网.mhtml,琢匠盘龙万向轴文玩三通配饰手串配饰小众菩提猴头串珠S925银配件-淘宝网,手串配件,,400,,,958620323869
琢匠盘龙隔环配饰文玩手串卡环垫片小众菩提猴头串珠S925银饰配件-淘宝网.mhtml,琢匠盘龙隔环配饰文玩手串卡环垫片小众菩提猴头串珠S925银饰配件-淘宝网,手串配件,,,,,976718639681
琢匠福禄隔环手串隔珠配件小众串珠文玩配饰葫芦卡环S925银饰配珠-淘宝网.mhtml,琢匠福禄隔环手串隔珠配件小众串珠文玩配饰葫芦卡环S925银饰配珠-淘宝网,手串配件,,,,,813709861821
琢匠箭镞吊坠S925银饰品男士项链平安挂坠小众钥匙扣挂件文玩配饰-淘宝网.mhtml,琢匠箭镞吊坠S925银饰品男士项链平安挂坠小众钥匙扣挂件文玩配饰-淘宝网,吊坠/挂件,,,,,869645924859
琢匠背云配饰文玩手串线束合集男士手持配件小众串珠S925银饰隔珠-淘宝网.mhtml,琢匠背云配饰文玩手串线束合集男士手持配件小众串珠S925银饰隔珠-淘宝网,手串配件,,,,,850099163557
琢匠背嵬军桌面摆件兵人甲胄磁吸手把件创意铜手办金属人仔小玩具-淘宝网.mhtml,琢匠背嵬军桌面摆件兵人甲胄磁吸手把件创意铜手办金属人仔小玩具-淘宝网,摆件/手办,,,,,834045483847
琢匠莫比乌斯隔环配饰手串文玩配件小众菩提猴头串珠S925银饰卡环-淘宝网.mhtml,琢匠莫比乌斯隔环配饰手串文玩配件小众菩提猴头串珠S925银饰卡环-淘宝网,手串配件,,,,,947356887428
琢匠葫芦吊坠小众汽车包包平安挂件单挂坠桌面文玩摆件铜器手把件-淘宝网.mhtml,琢匠葫芦吊坠小众汽车包包平安挂件单挂坠桌面文玩摆件铜器手把件-淘宝网,摆件/手办,,,,,606843446540
琢匠虎牙背云配饰文玩手串配件小众线束串珠三通配珠S925银饰隔珠-淘宝网.mhtml,琢匠虎牙背云配饰文玩手串配件小众线束串珠三通配珠S925银饰隔珠-淘宝网,手串配件,,,,,946925406103
琢匠螭虎茶刀桌面摆件文创铜器创意撬茶饼针手把件复古工艺品-淘宝网.mhtml,琢匠螭虎茶刀桌面摆件文创铜器创意撬茶饼针手把件复古工艺品-淘宝网,摆件/手办,,59,,,646768113034
琢匠貔貅金蟾摆件高档文玩手把件工艺品小众三足蟾蜍文创桌面茶宠-淘宝网.mhtml,琢匠貔貅金蟾摆件高档文玩手把件工艺品小众三足蟾蜍文创桌面茶宠-淘宝网,摆件/手办,,73,,,736981875631
琢匠貔貅铃铛挂件小众文玩手把件中式风铃挂坠铜摆件工艺品小物件-淘宝网.mhtml,琢匠貔貅铃铛挂件小众文玩手把件中式风铃挂坠铜摆件工艺品小物件-淘宝网,摆件/手办,,400,,,953875104482
琢匠赵云模型摆件赵子龙金属人仔甲胄磁吸手办玩具桌面国风工艺品-淘宝网.mhtml,琢匠赵云模型摆件赵子龙金属人仔甲胄磁吸手办玩具桌面国风工艺品-淘宝网,摆件/手办,,1000,,,947323000779
琢匠逍遥银手链复古葫芦首饰手串情侣手饰小众道系-淘宝网.mhtml,琢匠逍遥银手链复古葫芦首饰手串情侣手饰小众道系-淘宝网,手串配件,,100,,,830883625566
琢匠通用武器架手把件兵人兵器模型展示架桌面造景摆件创意小物件-淘宝网.mhtml,琢匠通用武器架手把件兵人兵器模型展示架桌面造景摆件创意小物件-淘宝网,摆件/手办,,,,,1052150669423
琢匠道系文玩手串配饰合集隔珠三通背云弟子珠隔片S925银串珠配珠-淘宝网.mhtml,琢匠道系文玩手串配饰合集隔珠三通背云弟子珠隔片S925银串珠配珠-淘宝网,手串配件,,,,,940191872181
琢匠醒狮吊坠解压挂坠项链坠银饰汽车挂件男士饰品文玩狮子手把件-淘宝网.mhtml,琢匠醒狮吊坠解压挂坠项链坠银饰汽车挂件男士饰品文玩狮子手把件-淘宝网,吊坠/挂件,,100,,,762374523714
琢匠醒狮隔珠手串文玩配饰小众菩提猴头串珠配件S925银饰配珠饰品-淘宝网.mhtml,琢匠醒狮隔珠手串文玩配饰小众菩提猴头串珠配件S925银饰配珠饰品-淘宝网,手串配件,,700,,,902865411022
琢匠金刚心吊牌羯磨杵S925银饰项链吊坠小众男单挂坠藏式文玩配饰-淘宝网.mhtml,琢匠金刚心吊牌羯磨杵S925银饰项链吊坠小众男单挂坠藏式文玩配饰-淘宝网,吊坠/挂件,,,,,742709449778
琢匠金刚铃卡子文玩配饰侧挂提溜小众手串手链项链串珠S925银吊坠-淘宝网.mhtml,琢匠金刚铃卡子文玩配饰侧挂提溜小众手串手链项链串珠S925银吊坠-淘宝网,手串配件,,,,,1014726984825
琢匠金刚降魔杵吊坠藏式项链挂坠男士挂链文玩配饰复古个性银饰品-淘宝网.mhtml,琢匠金刚降魔杵吊坠藏式项链挂坠男士挂链文玩配饰复古个性银饰品-淘宝网,吊坠/挂件,,200,,,798658429870
琢匠金箍棒吊坠文玩配饰挂坠项链单坠小众背包挂饰国风高档银饰品-淘宝网.mhtml,琢匠金箍棒吊坠文玩配饰挂坠项链单坠小众背包挂饰国风高档银饰品-淘宝网,吊坠/挂件,,,,,953876150926
琢匠金蟾隔珠貔貅文玩配饰手串配珠菩提猴头串珠配件S925银饰散珠-淘宝网.mhtml,琢匠金蟾隔珠貔貅文玩配饰手串配珠菩提猴头串珠配件S925银饰散珠-淘宝网,手串配件,,,,,746756162979
琢匠钥匙扣diy饰品配件s925银手工手链连接开口小圆环配饰小银圈-淘宝网.mhtml,琢匠钥匙扣diy饰品配件s925银手工手链连接开口小圆环配饰小银圈-淘宝网,手链/手镯,,,,,709406279213
琢匠铃杵弟子珠配饰手串手持文玩三通配件收尾线束尾坠S925银饰品-淘宝网.mhtml,琢匠铃杵弟子珠配饰手串手持文玩三通配件收尾线束尾坠S925银饰品-淘宝网,手串配件,,,,,858033097675
琢匠银项链合集小众藏式复古高档挂链男士潮牌颈链首饰-淘宝网.mhtml,琢匠银项链合集小众藏式复古高档挂链男士潮牌颈链首饰-淘宝网,手串配件,,,,,850233790980
琢匠锦衣卫手办桌上摆件小众模型手把件国风桌面金属人仔磁吸玩具-淘宝网.mhtml,琢匠锦衣卫手办桌上摆件小众模型手把件国风桌面金属人仔磁吸玩具-淘宝网,摆件/手办,,,,,841824759851
琢匠霸下摆件桌面铜装饰品招财龟神兽铜手把件镇纸手办茶宠小物件-淘宝网.mhtml,琢匠霸下摆件桌面铜装饰品招财龟神兽铜手把件镇纸手办茶宠小物件-淘宝网,摆件/手办,,500,,,579158277662
琢匠饕餮卡环配饰手串文玩配件猴头菩提小众串珠隔环隔珠银饰配珠-淘宝网.mhtml,琢匠饕餮卡环配饰手串文玩配件猴头菩提小众串珠隔环隔珠银饰配珠-淘宝网,手串配件,,1000,,,813540890183
琢匠饕餮虎头铃铛钥匙扣挂坠宠物吊坠汽车挂件古风文玩包包银挂饰-淘宝网.mhtml,琢匠饕餮虎头铃铛钥匙扣挂坠宠物吊坠汽车挂件古风文玩包包银挂饰-淘宝网,吊坠/挂件,,300,,,760480359432
琢匠马摆件生肖马到成功装饰铜工艺品书房客厅桌面小物件新年礼物-淘宝网.mhtml,琢匠马摆件生肖马到成功装饰铜工艺品书房客厅桌面小物件新年礼物-淘宝网,摆件/手办,,,,,1001022822348
琢匠高档麒麟龙摆件办公室客厅装饰工艺品中式小众送礼礼盒银礼品-淘宝网.mhtml,琢匠高档麒麟龙摆件办公室客厅装饰工艺品中式小众送礼礼盒银礼品-淘宝网,摆件/手办,,,,,678997849205
琢匠鱼化龙吊坠男士汽车钥匙扣背包挂件挂坠国风黄铜文玩配饰挂饰-淘宝网.mhtml,琢匠鱼化龙吊坠男士汽车钥匙扣背包挂件挂坠国风黄铜文玩配饰挂饰-淘宝网,吊坠/挂件,,,,,788593973826
琢匠黑神话同题材钟馗摆件桌面小物件铜手把件礼品文玩工艺装饰品-淘宝网.mhtml,琢匠黑神话同题材钟馗摆件桌面小物件铜手把件礼品文玩工艺装饰品-淘宝网,摆件/手办,,,,,819203254804
琢匠龙吟铃铛背包汽车挂件平安吊坠配饰国风摇铃铜文玩解压手把件-淘宝网.mhtml,琢匠龙吟铃铛背包汽车挂件平安吊坠配饰国风摇铃铜文玩解压手把件-淘宝网,吊坠/挂件,,,,,834255114596
琢匠龙摆件办公室桌面工艺品礼品客厅高档装饰品中式手办铜手把件-淘宝网.mhtml,琢匠龙摆件办公室桌面工艺品礼品客厅高档装饰品中式手办铜手把件-淘宝网,摆件/手办,,,,,799416559594
琢匠龙爪蛇结线束文玩手串配饰三通配珠diy小金刚串珠背云银配件-淘宝网.mhtml,琢匠龙爪蛇结线束文玩手串配饰三通配珠diy小金刚串珠背云银配件-淘宝网,手串配件,,,,,905085053203
琢匠龙纹连接环钥匙扣挂件环扣小众挂饰男士文玩吊坠S925银饰圈环-淘宝网.mhtml,琢匠龙纹连接环钥匙扣挂件环扣小众挂饰男士文玩吊坠S925银饰圈环-淘宝网,吊坠/挂件,,,,,747840830524
琢匠龙鳞隔珠配饰文玩手串配件背云配珠串珠子卡环小众S925银饰品-淘宝网.mhtml,琢匠龙鳞隔珠配饰文玩手串配件背云配珠串珠子卡环小众S925银饰品-淘宝网,手串配件,,,,,841585857507
琢匠龟壳摆件小众高档挂坠挂件饰品解压道系卦爻用具居家银摆件-淘宝网.mhtml,琢匠龟壳摆件小众高档挂坠挂件饰品解压道系卦爻用具居家银摆件-淘宝网,摆件/手办,,93,,,753258989236
盘缠手链丨琢匠原创手工散珠大号碎银子隔片DIY配件文玩手串材料-淘宝网.mhtml,盘缠手链丨琢匠原创手工散珠大号碎银子隔片DIY配件文玩手串材料-淘宝网,手串配件,,200,,,870295397685
维京掠夺者_琢匠国风潮玩大玩家桌面摆件磁吸手办工位解压手把件-淘宝网.mhtml,维京掠夺者|琢匠国风潮玩大玩家桌面摆件磁吸手办工位解压手把件-淘宝网,摆件/手办,,400,,,1020062711907
道系手持流珠_琢匠国风道家36颗配饰全套文玩念珠手串银饰配件-淘宝网.mhtml,道系手持流珠|琢匠国风道家36颗配饰全套文玩念珠手串银饰配件-淘宝网,手串配件,,,,,1043422046369
道系流珠丨琢匠国风原创男女手持珠链椰蒂手串搭配diy饰品配饰-淘宝网.mhtml,道系流珠丨琢匠国风原创男女手持珠链椰蒂手串搭配diy饰品配饰-淘宝网,手串配件,,100,,,937437742971
铜钱剑摆件_琢匠国风道系长剑1_6娃娃配饰1_12武器bjd手办配件-淘宝网.mhtml,铜钱剑摆件|琢匠国风道系长剑1/6娃娃配饰1/12武器bjd手办配件-淘宝网,摆件/手办,,500,,,1043623960896
镀金福慧三通_琢匠文玩配饰道系紫薇讳diy配件108小金刚手持配珠-淘宝网.mhtml,镀金福慧三通|琢匠文玩配饰道系紫薇讳diy配件108小金刚手持配珠-淘宝网,手串配件,,,,,1051592526719
隔片隔环合集_琢匠道系原创文玩配饰卡子垫片配珠手链项链diy配件-淘宝网.mhtml,隔片隔环合集|琢匠道系原创文玩配饰卡子垫片配珠手链项链diy配件-淘宝网,手串配件,,,,,1011121806284
青龙掌心小丸子_琢匠原创国风四神兽桌面摆件解压送礼铜手把件-淘宝网.mhtml,青龙掌心小丸子|琢匠原创国风四神兽桌面摆件解压送礼铜手把件-淘宝网,摆件/手办,,600,,,1006569230146
黑曜石手串丨琢匠原创水晶手链男转运珠男士冰种彩眼文玩串珠子女-淘宝网.mhtml,黑曜石手串丨琢匠原创水晶手链男转运珠男士冰种彩眼文玩串珠子女-淘宝网,手串配件,,,,,808303979043
龙鳞线束丨琢匠国风原创手工diy配饰绳束手串背云文玩隔珠饰品-淘宝网.mhtml,龙鳞线束丨琢匠国风原创手工diy配饰绳束手串背云文玩隔珠饰品-淘宝网,手串配件,,,,,841344630820
